,system_time,system_total_stopped,system_total_waiting_time,system_mean_waiting_time,system_mean_speed,phase_0,phase_1,phase_10,phase_11,phase_12,phase_13,phase_14,phase_15,phase_2,phase_3,phase_4,phase_5,phase_6,phase_7,phase_8,phase_9
0,0.0,0,0.0,0.0,0.0,0,0,0,0,0,0,0,0,0,0,0,0,0,0,0,0
1,1.0,0,0.0,0.0,13.21803125,0,0,0,0,0,0,0,0,0,0,0,0,0,0,0,0
2,2.0,0,0.0,0.0,12.762031344011426,0,0,0,0,0,0,0,0,0,0,0,0,0,0,0,0
3,3.0,0,0.0,0.0,13.657363517584878,0,0,0,0,0,0,0,0,0,0,0,0,0,0,0,0
4,4.0,0,0.0,0.0,13.232757013992071,0,0,0,0,0,0,0,0,0,0,0,0,0,0,0,0
5,5.0,0,0.0,0.0,13.503687871843661,0,0,0,0,0,0,0,0,0,0,0,0,0,0,0,0
6,6.0,0,0.0,0.0,13.334836121848868,0,0,0,0,0,0,0,0,0,0,0,0,0,0,0,0
7,7.0,0,0.0,0.0,13.335618778029025,0,0,0,0,0,0,0,0,0,0,0,0,0,0,0,0
8,8.0,0,0.0,0.0,13.434706197607207,0,0,0,0,0,0,0,0,0,0,0,0,0,0,0,0
9,9.0,0,0.0,0.0,13.515100212501846,0,0,0,0,0,0,0,0,0,0,0,0,0,0,0,0
10,10.0,0,0.0,0.0,13.449407483406418,0,0,0,0,0,0,0,0,0,0,0,0,0,0,0,0
11,11.0,0,0.0,0.0,12.85251209100029,0,0,0,0,0,0,0,0,0,0,0,0,0,0,0,0
12,12.0,0,0.0,0.0,12.051760226598374,0,0,0,0,0,0,0,0,0,0,0,0,0,0,0,0
13,13.0,0,0.0,0.0,12.092166304956553,0,0,0,0,0,0,0,0,0,0,0,0,0,0,0,0
14,14.0,3,3.0,0.075,11.068561238058527,1,0,0,0,0,0,0,0,0,1,0,0,0,0,1,0
15,15.0,3,5.0,0.11363636363636363,11.199812201226598,1,0,0,0,1,0,0,0,0,1,0,0,0,0,0,0
16,16.0,4,9.0,0.20454545454545456,10.76407490941741,1,0,0,0,2,0,0,0,0,1,0,0,0,0,0,0
17,17.0,4,13.0,0.2708333333333333,10.63022802282939,1,0,0,0,2,0,0,0,0,1,0,0,0,0,0,0
18,18.0,3,11.0,0.22916666666666666,10.475269247676472,1,1,0,0,0,0,0,0,0,1,0,0,0,0,0,0
19,19.0,4,15.0,0.26785714285714285,10.834731474579087,1,1,0,0,0,0,0,0,0,2,0,0,0,0,0,0
20,20.0,5,20.0,0.35714285714285715,10.767348767046522,1,2,0,0,0,0,0,0,0,2,0,0,0,0,0,0
21,21.0,4,20.0,0.3333333333333333,11.224736648884289,2,0,0,0,0,0,0,0,0,2,0,0,0,0,0,0
22,22.0,4,24.0,0.4,11.196373811221092,2,0,0,0,0,0,0,0,0,2,0,0,0,0,0,0
23,23.0,4,28.0,0.4375,11.168593436473977,2,0,0,0,0,0,0,0,0,2,0,0,0,0,0,0
24,24.0,4,32.0,0.5,10.913097383584603,2,0,0,0,0,0,0,0,0,2,0,0,0,0,0,0
25,25.0,4,36.0,0.5,10.786371715883247,2,0,0,0,0,0,0,0,0,2,0,0,0,0,0,0
26,26.0,5,41.0,0.5694444444444444,10.272129737568545,2,0,0,0,0,0,0,0,0,3,0,0,0,0,0,0
27,27.0,4,26.0,0.34210526315789475,10.189456259486638,0,0,0,0,0,0,0,0,0,3,0,0,0,0,1,0
28,28.0,9,35.0,0.4605263157894737,9.724208119686363,1,2,0,0,0,0,0,0,0,3,0,2,0,0,1,0
29,29.0,10,45.0,0.5625,9.343838128312639,1,2,0,0,1,0,0,0,0,3,0,2,0,0,1,0
30,30.0,9,50.0,0.625,8.673600307119045,1,0,0,0,1,0,0,0,0,3,0,3,0,0,1,0
31,31.0,11,61.0,0.6931818181818182,8.642734826464102,1,0,0,0,1,0,0,0,0,3,0,4,0,0,2,0
32,32.0,14,75.0,0.8522727272727273,8.240460427121148,1,0,0,0,3,0,0,0,0,3,0,4,0,0,3,0
33,33.0,19,86.0,0.9347826086956522,8.087381979202764,3,1,0,0,5,1,0,0,0,3,0,4,0,0,2,0
34,34.0,22,105.0,1.141304347826087,7.73162259731265,3,1,0,0,5,2,0,0,1,4,0,5,0,0,1,0
35,35.0,23,127.0,1.3229166666666667,7.757401401029878,4,1,0,0,5,2,0,0,1,4,0,6,0,0,0,0
36,36.0,18,92.0,0.9583333333333334,7.514874798899531,2,1,0,0,5,1,0,0,1,2,0,6,0,0,0,0
37,37.0,17,86.0,0.8269230769230769,7.8800460815288424,1,1,0,0,6,1,0,0,1,0,0,7,0,0,0,0
38,38.0,16,100.0,0.9615384615384616,7.69076289731038,0,1,0,0,7,0,0,0,1,0,0,7,0,0,0,0
39,39.0,16,110.0,1.0185185185185186,7.877417446708427,0,0,0,0,8,0,0,0,1,0,0,7,0,0,0,0
40,40.0,18,128.0,1.1851851851851851,7.940936553676671,0,0,1,0,8,0,0,0,2,0,0,7,0,0,0,0
41,41.0,21,149.0,1.3303571428571428,8.080872903235237,1,1,1,0,8,0,0,0,2,0,0,8,0,0,0,0
42,42.0,17,105.0,0.9375,7.91444729748016,1,1,1,0,7,0,0,0,0,0,0,7,0,0,0,0
43,43.0,17,76.0,0.6333333333333333,8.21130831869923,1,1,3,0,6,0,0,0,0,0,0,5,0,0,1,0
44,44.0,17,57.0,0.475,7.944724093882695,1,1,3,0,5,0,0,0,0,0,2,3,0,0,2,0
45,45.0,16,48.0,0.3870967741935484,7.948965657738169,0,1,3,0,3,0,0,0,0,0,3,3,0,0,3,0
46,46.0,17,50.0,0.4032258064516129,7.802889033636601,0,1,5,0,2,0,0,0,0,0,4,1,0,0,4,0
47,47.0,21,64.0,0.5,7.978934451649341,2,1,6,0,1,0,0,0,1,0,4,1,0,0,5,0
48,48.0,20,74.0,0.578125,7.920117100083163,2,0,6,0,0,0,0,0,2,0,4,0,0,0,6,0
49,49.0,25,99.0,0.7279411764705882,8.260227507366594,3,0,6,0,0,0,0,0,4,0,4,0,0,0,7,1
50,50.0,27,126.0,0.9264705882352942,7.941742751339276,5,0,6,0,0,0,0,0,4,0,4,0,0,0,7,1
51,51.0,28,125.0,0.8928571428571429,7.877337843825278,6,0,6,0,0,0,0,0,5,1,2,2,0,0,5,1
52,52.0,31,130.0,0.9285714285714286,7.513772910009734,7,0,6,0,1,0,1,0,6,1,0,2,0,0,5,2
53,53.0,33,153.0,1.0625,7.362117251270151,7,1,6,0,2,0,2,0,6,1,0,2,0,0,3,3
54,54.0,32,147.0,1.0208333333333333,7.193984577333377,5,1,6,0,4,0,3,0,4,0,2,3,0,0,1,3
55,55.0,31,152.0,1.0,7.299390044623196,5,1,6,0,4,0,3,0,2,0,2,5,0,0,0,3
56,56.0,31,163.0,1.0723684210526316,6.96384372404998,3,1,6,0,5,0,5,0,0,0,2,6,0,0,0,3
57,57.0,31,170.0,1.0897435897435896,7.014604485320248,2,0,6,0,8,0,5,0,0,0,3,6,0,0,0,1
58,58.0,35,195.0,1.25,6.920719725889323,1,1,7,0,7,0,6,0,1,0,4,8,0,0,0,0
59,59.0,39,233.0,1.45625,6.935562049948119,1,1,7,0,9,0,6,0,1,0,4,9,1,0,0,0
60,60.0,38,226.0,1.4125,6.665509330652102,1,2,7,0,9,0,6,0,1,0,3,8,1,0,0,0
61,61.0,38,230.0,1.369047619047619,6.900520641928766,1,2,9,0,7,0,6,0,1,0,1,7,3,0,1,0
62,62.0,39,243.0,1.4464285714285714,6.793763888874166,1,2,9,0,6,0,6,0,2,0,1,6,4,0,2,0
63,63.0,39,236.0,1.3801169590643274,6.919429369258593,2,2,10,1,6,0,4,0,0,0,1,5,5,0,3,0
64,64.0,39,238.0,1.391812865497076,6.94469121228564,2,2,11,3,4,0,2,0,0,0,2,3,5,0,5,0
65,65.0,36,243.0,1.3885714285714286,7.030330943188141,2,2,11,4,3,0,0,0,1,0,2,1,5,0,5,0
66,66.0,32,242.0,1.3908045977011494,6.918727230735399,0,0,11,4,3,0,0,0,1,0,2,0,5,0,6,0
67,67.0,34,275.0,1.510989010989011,7.149218882655452,0,0,11,5,2,0,0,0,2,0,2,0,5,0,7,0
68,68.0,38,310.0,1.7032967032967032,7.0976400011746685,2,0,12,5,1,0,0,0,2,0,2,0,5,0,8,1
69,69.0,40,303.0,1.6378378378378378,7.193048324325977,3,0,12,4,1,0,0,0,4,0,2,1,3,0,8,2
70,70.0,41,304.0,1.6432432432432433,7.134845217774752,4,1,12,2,0,0,0,0,4,1,2,2,1,1,9,2
71,71.0,40,317.0,1.6772486772486772,7.125752073021118,5,1,12,0,2,0,0,0,5,1,2,2,0,1,7,2
72,72.0,37,330.0,1.746031746031746,6.93992233275571,7,1,12,0,2,0,0,0,3,0,2,2,0,1,5,2
73,73.0,40,355.0,1.8020304568527918,7.043999481076264,8,1,12,0,2,0,0,0,1,0,2,4,0,2,6,2
74,74.0,47,391.0,1.984771573604061,6.75062163296777,10,1,12,0,3,2,2,0,0,2,2,5,0,2,4,2
75,75.0,42,373.0,1.855721393034826,6.694151166024359,8,0,12,0,4,2,3,0,0,3,0,6,0,2,2,0
76,76.0,49,409.0,2.0348258706467663,6.636435630863019,7,2,13,0,6,3,4,0,0,3,1,6,0,2,2,0
77,77.0,55,453.0,2.209756097560976,6.59342167732957,6,2,13,0,8,3,6,0,1,3,1,8,0,2,2,0
78,78.0,55,467.0,2.2780487804878047,6.479412289497346,4,4,14,0,9,4,6,0,1,3,1,7,0,0,2,0
79,79.0,58,503.0,2.3726415094339623,6.700818549149386,3,5,15,0,10,4,6,0,1,3,1,7,1,0,2,0
80,80.0,60,547.0,2.5924170616113744,6.545790555488566,2,5,15,1,11,4,6,0,1,3,3,6,1,0,2,0
81,81.0,58,542.0,2.532710280373832,6.610122947725921,1,5,17,1,10,2,6,0,1,3,3,6,3,0,0,0
82,82.0,57,567.0,2.649532710280374,6.520246463562764,1,5,18,1,10,0,6,0,1,3,4,5,3,0,0,0
83,83.0,60,606.0,2.792626728110599,6.401394335833736,2,5,18,1,8,1,6,0,2,3,4,5,4,0,1,0
84,84.0,55,573.0,2.640552995391705,6.3121387216071865,2,3,18,1,8,2,4,1,2,1,3,3,5,0,2,0
85,85.0,51,555.0,2.466666666666667,6.536858906253714,2,1,18,1,6,2,3,1,2,0,1,3,5,2,4,0
86,86.0,48,561.0,2.493333333333333,6.373953880644852,3,0,18,1,5,2,2,1,2,0,0,1,5,3,4,1
87,87.0,39,551.0,2.4166666666666665,6.481511351414415,1,0,18,1,5,2,1,0,2,0,0,0,3,1,4,1
88,88.0,40,572.0,2.508771929824561,6.582492254470145,0,0,18,1,4,2,1,0,3,0,0,1,1,1,6,2
89,89.0,41,598.0,2.588744588744589,6.806400452522193,1,0,18,1,4,2,1,0,3,0,0,2,0,0,7,2
90,90.0,46,625.0,2.7292576419213974,6.834871766630906,3,1,18,1,2,2,1,0,3,0,0,4,0,1,7,3
91,91.0,44,653.0,2.7905982905982905,6.930579932264531,4,1,18,1,1,2,1,0,3,0,0,4,0,1,5,3
92,92.0,47,691.0,2.978448275862069,6.731502018994302,5,1,18,1,1,2,1,0,3,0,0,5,0,1,6,3
93,93.0,51,716.0,3.046808510638298,6.71820771265746,6,1,18,1,2,2,0,0,3,1,0,7,0,2,7,1
94,94.0,59,765.0,3.2832618025751072,6.5249185314706235,8,1,18,2,4,2,2,0,3,1,0,8,0,3,6,1
95,95.0,64,824.0,3.5063829787234044,6.333406644337871,8,2,20,2,5,2,2,0,3,1,0,8,0,3,7,1
96,96.0,63,807.0,3.4340425531914893,6.020482534223015,8,0,21,3,5,2,4,0,1,1,0,9,0,1,7,1
97,97.0,63,827.0,3.4173553719008263,5.9863200669766465,8,0,22,3,6,2,5,0,0,1,0,9,0,0,6,1
98,98.0,69,873.0,3.6074380165289255,5.776224567425808,7,2,23,3,9,4,6,0,0,1,1,7,0,0,5,1
99,99.0,68,888.0,3.669421487603306,5.718327615276583,5,2,24,4,9,5,6,0,0,0,2,7,0,0,3,1
100,100.0,69,919.0,3.8291666666666666,5.4890965498183615,4,3,25,4,7,6,6,0,1,1,2,6,0,0,3,1
101,101.0,69,956.0,3.9833333333333334,5.589624540308599,3,4,25,4,5,7,6,0,2,2,2,5,1,0,2,1
102,102.0,71,960.0,4.050632911392405,5.493999620427477,2,4,26,4,5,6,6,0,2,2,4,4,2,0,4,0
103,103.0,70,1003.0,4.144628099173554,5.697908831619233,1,4,26,4,4,4,6,0,4,2,4,3,2,1,4,1
104,104.0,68,1051.0,4.379166666666666,5.606911509244738,1,4,26,4,3,2,6,0,4,2,5,2,2,1,5,1
105,105.0,66,1066.0,4.386831275720165,5.7680378096639755,1,2,26,4,3,0,6,0,3,2,5,2,2,1,7,2
106,106.0,63,1099.0,4.560165975103734,5.864180945686087,2,0,26,4,2,0,6,0,2,2,3,2,2,3,7,2
107,107.0,61,1147.0,4.779166666666667,5.944842192374307,2,1,26,4,2,0,6,0,0,2,2,0,2,4,8,2
108,108.0,58,1130.0,4.7478991596638656,5.960754472366076,2,1,26,2,3,0,6,0,0,0,2,0,2,4,8,2
109,109.0,56,1146.0,4.677551020408163,6.098486598041095,2,1,26,0,4,0,6,0,0,0,2,0,2,4,7,2
110,110.0,62,1194.0,4.91358024691358,5.961027777560274,3,1,28,0,5,1,6,0,1,0,2,0,2,6,5,2
111,111.0,58,1158.0,4.726530612244898,5.998281463740051,1,2,28,0,4,2,4,0,1,0,2,1,0,5,6,2
112,112.0,56,1159.0,4.75,5.988245089291915,0,2,29,0,5,3,2,0,1,0,2,1,0,4,5,2
113,113.0,57,1173.0,4.729838709677419,6.10078997139834,2,2,30,0,5,3,0,0,1,1,2,2,0,3,4,2
114,114.0,54,1210.0,4.898785425101215,6.000449783533846,2,2,31,0,6,1,0,0,1,1,2,2,0,1,3,2
115,115.0,61,1260.0,5.0,6.075266248048374,4,2,32,0,8,1,0,0,1,1,2,4,1,0,3,2
116,116.0,66,1323.0,5.25,5.910575862316626,4,3,33,0,9,1,0,0,2,1,2,5,2,0,2,2
117,117.0,71,1360.0,5.333333333333333,5.892752036925523,5,1,33,0,11,2,0,0,2,1,2,7,2,2,1,2
118,118.0,76,1421.0,5.572549019607843,5.733222499441909,6,0,33,1,9,2,0,0,2,2,2,9,4,2,2,2
119,119.0,85,1494.0,5.768339768339768,5.6390022993116355,8,2,33,1,9,3,0,0,2,2,2,11,5,3,2,2
120,120.0,77,1488.0,5.745173745173745,5.528214726811796,6,2,33,1,9,3,1,0,2,1,0,9,5,1,2,2
121,121.0,79,1532.0,5.737827715355805,5.623501612840199,6,3,33,1,8,5,2,0,2,1,1,8,5,0,2,2
122,122.0,81,1585.0,5.936329588014981,5.500993629998375,6,4,33,1,7,5,2,0,2,2,1,8,5,1,2,2
123,123.0,80,1625.0,6.018518518518518,5.459074659242355,4,4,33,1,6,5,3,0,2,3,1,8,3,3,2,2
124,124.0,82,1673.0,6.219330855018588,5.286840118217482,3,5,33,1,5,5,5,2,2,4,2,7,1,3,2,2
125,125.0,83,1731.0,6.387453874538745,5.176568307052944,3,6,33,1,5,5,5,2,3,4,2,5,1,3,2,3
126,126.0,83,1770.0,6.5799256505576205,5.082345727975126,1,4,33,1,5,5,7,1,3,6,4,5,1,3,0,4
127,127.0,85,1832.0,6.613718411552346,5.272070900240311,1,2,35,1,3,5,9,0,3,7,4,5,2,3,0,5
128,128.0,89,1907.0,6.934545454545455,5.075587664993861,2,0,35,1,3,5,9,1,4,8,4,3,4,4,0,6
129,129.0,90,1939.0,7.0,5.014861747031497,2,0,35,1,2,5,9,2,4,7,3,3,4,5,2,6
130,130.0,94,2000.0,7.2202166064981945,4.877505743863081,2,1,36,1,2,5,9,3,4,6,3,3,4,6,2,7
131,131.0,97,2077.0,7.444444444444445,4.749840096981733,2,1,36,1,3,5,9,4,4,5,2,2,4,8,3,8
132,132.0,98,2152.0,7.768953068592058,4.499504258652187,0,1,36,1,4,5,9,5,4,4,1,3,4,8,4,9
133,133.0,107,2252.0,7.901754385964912,4.494322883915376,1,1,36,1,5,5,9,6,4,2,1,5,4,10,6,11
134,134.0,116,2363.0,8.291228070175439,4.3002402733452785,2,1,36,1,7,7,9,6,5,3,1,5,5,10,6,12
135,135.0,120,2443.0,8.453287197231834,4.208163076739537,2,2,36,1,7,8,9,4,5,2,1,6,6,10,7,14
136,136.0,125,2535.0,8.771626297577855,3.9859189672009037,4,2,36,2,9,9,9,2,5,1,1,7,7,8,8,15
137,137.0,128,2639.0,9.006825938566553,3.9522966535336783,4,2,36,3,9,9,9,0,5,1,1,9,7,7,10,16
138,138.0,130,2691.0,9.184300341296929,3.820502253715525,4,0,36,4,10,10,9,0,5,1,1,8,8,7,10,17
139,139.0,134,2770.0,9.264214046822742,3.9281183164944817,6,0,36,4,9,13,9,0,5,2,1,7,10,6,8,18
140,140.0,134,2856.0,9.551839464882944,3.800644324968063,8,1,36,4,8,13,9,0,5,4,1,6,10,4,7,18
141,141.0,134,2872.0,9.478547854785479,3.8452733852325753,7,2,36,4,7,13,9,0,5,4,1,6,10,4,8,18
142,142.0,132,2933.0,9.776666666666667,3.7473048850518573,6,3,36,4,6,13,9,0,3,4,1,6,10,4,9,18
143,143.0,133,3021.0,10.003311258278146,3.753402300475464,6,3,36,4,7,13,9,0,1,6,1,5,10,4,9,19
144,144.0,129,3107.0,10.426174496644295,3.6138313818263486,4,5,36,4,5,13,9,0,1,6,3,3,10,3,7,20
145,145.0,134,3210.0,10.55921052631579,3.897817599994383,4,5,36,4,6,13,9,0,3,8,4,3,10,2,7,20
146,146.0,136,3321.0,10.96039603960396,3.885210349346613,2,7,36,4,5,13,9,0,5,8,4,3,10,3,5,22
147,147.0,134,3332.0,10.853420195439739,4.063480354745659,2,7,36,4,5,11,9,0,5,10,6,2,8,4,3,22
148,148.0,134,3364.0,11.06578947368421,4.004788376849961,1,7,36,4,6,9,9,0,7,12,6,1,6,5,3,22
149,149.0,134,3423.0,11.149837133550488,4.040361504194586,1,7,36,4,6,7,9,0,7,13,7,3,4,5,3,22
150,150.0,124,3397.0,11.101307189542483,3.9635677084818877,1,5,36,4,5,5,9,0,5,12,6,3,2,7,2,22
151,151.0,117,3387.0,10.85576923076923,4.0965701524983,1,3,36,4,6,3,9,0,4,10,4,4,1,7,2,23
152,152.0,113,3420.0,11.03225806451613,3.9907176109061466,2,1,36,4,5,3,9,0,2,9,2,6,0,7,4,23
153,153.0,103,3323.0,10.650641025641026,4.08951200902191,3,0,36,2,3,2,7,0,1,7,1,7,0,5,4,25
154,154.0,98,3276.0,10.567741935483872,4.114630655060295,4,1,36,0,1,1,6,0,2,5,1,8,0,3,5,25
155,155.0,98,3285.0,10.495207667731629,4.313700666256936,5,1,36,0,2,0,4,0,2,4,1,8,0,1,7,27
156,156.0,94,3287.0,10.501597444089457,4.438492433769742,6,1,36,0,2,0,2,0,2,2,1,7,0,0,7,28
157,157.0,100,3340.0,10.4375,4.763205697216849,7,1,36,0,4,0,1,0,3,2,1,7,1,0,8,29
158,158.0,110,3438.0,10.74375,4.811760997581352,9,2,36,0,5,2,1,0,3,2,1,7,2,0,10,30
159,159.0,109,3500.0,10.8359133126935,4.971026447015522,7,2,36,0,6,3,1,0,3,2,1,7,2,1,8,30
160,160.0,111,3575.0,11.06811145510836,4.964912628129931,7,2,36,0,8,4,1,0,3,2,1,6,2,1,8,30
161,161.0,110,3653.0,11.24,4.847971519754445,5,2,36,0,8,5,2,0,3,2,1,4,2,1,9,30
162,162.0,108,3689.0,11.281345565749236,4.696053530089664,5,0,36,0,8,6,0,0,3,2,0,4,3,1,9,31
163,163.0,114,3769.0,11.386706948640484,4.697178395183182,5,1,36,0,8,8,1,0,3,2,0,3,5,1,9,32
164,164.0,116,3856.0,11.649546827794563,4.664332614544355,5,2,36,2,6,9,2,0,3,2,0,3,6,1,7,32
165,165.0,118,3929.0,11.728358208955225,4.727703149885348,4,3,36,3,6,8,3,0,4,2,2,2,6,1,6,32
166,166.0,119,4013.0,11.97910447761194,4.728553858103625,3,4,36,4,6,7,4,0,4,2,2,1,7,1,5,33
167,167.0,124,4109.0,12.302395209580839,4.695734893798223,2,5,36,4,6,7,5,0,4,3,4,1,7,2,5,33
168,168.0,124,4210.0,12.604790419161677,4.636177001055741,1,5,36,4,5,6,7,0,4,3,4,1,7,3,4,34
169,169.0,126,4316.0,12.807121661721068,4.703846937333794,1,5,36,4,6,6,7,0,4,4,5,1,8,3,2,34
170,170.0,133,4438.0,13.208333333333334,4.620159666476661,1,5,36,4,8,5,9,1,4,4,6,1,8,5,1,35
171,171.0,132,4491.0,13.247787610619469,4.656973894339465,2,3,36,4,8,4,9,0,3,4,6,1,9,6,1,36
172,172.0,131,4569.0,13.598214285714286,4.511382863668761,2,1,36,4,9,3,9,0,2,4,4,1,10,7,1,38
173,173.0,126,4672.0,13.741176470588234,4.480014740693054,2,0,36,4,8,1,9,0,2,4,2,1,10,7,1,39
174,174.0,121,4694.0,14.011940298507463,4.250695836502157,0,0,36,4,6,1,9,0,2,3,2,0,10,7,1,40
175,175.0,124,4772.0,13.994134897360704,4.3317957497871316,2,0,36,4,6,3,9,2,3,1,1,0,8,7,1,41
176,176.0,126,4872.0,14.329411764705883,4.284115578362195,2,0,36,4,7,2,9,2,3,1,0,2,8,7,2,41
177,177.0,129,4959.0,14.542521994134898,4.277166501420361,3,0,36,4,6,3,9,2,3,2,0,2,8,5,3,43
178,178.0,127,5055.0,14.955621301775148,4.138635157112098,4,0,36,4,6,4,9,2,3,2,0,2,6,3,3,43
179,179.0,135,5164.0,15.188235294117646,4.149051518586951,5,1,36,4,6,6,9,2,3,2,0,3,6,1,6,45
180,180.0,135,5256.0,15.550295857988166,4.080883635289725,6,1,36,4,6,8,9,0,1,2,0,4,5,0,7,46
181,181.0,142,5385.0,15.654069767441861,4.247570691991666,7,1,36,4,6,9,9,0,0,4,0,5,5,0,9,47
182,182.0,154,5533.0,16.131195335276967,4.113759114720113,8,2,36,5,6,11,11,0,0,5,0,7,4,0,11,48
183,183.0,151,5614.0,16.27246376811594,4.105773195546132,8,2,36,5,6,10,13,0,0,3,1,6,2,0,11,48
184,184.0,151,5720.0,16.676384839650147,3.948950115221235,7,3,36,5,6,10,13,0,0,2,2,6,1,0,12,48
185,185.0,150,5832.0,16.85549132947977,3.943412191604948,6,3,36,5,6,8,15,0,1,0,2,5,0,0,14,49
186,186.0,152,5920.0,17.109826589595375,3.8250493661198286,5,3,36,5,5,8,15,0,1,1,3,4,0,1,16,49
187,187.0,156,6016.0,17.042492917847024,4.0008086418061835,5,5,36,5,4,7,15,0,1,1,5,3,0,1,18,50
188,188.0,158,6118.0,17.43019943019943,3.908210996814843,4,7,36,5,4,6,15,0,1,1,5,3,2,1,18,50
189,189.0,165,6219.0,17.61756373937677,3.937482505679038,4,8,36,5,6,6,13,0,1,2,6,3,2,2,20,51
190,190.0,168,6318.0,17.847457627118644,3.9143451341948836,3,8,36,5,9,5,12,0,1,2,7,1,4,3,21,51
191,191.0,168,6419.0,18.030898876404493,3.9878209542135368,2,8,36,5,8,4,10,0,1,2,8,1,5,3,22,53
192,192.0,162,6481.0,18.15406162464986,3.978364136132362,3,6,36,5,8,3,10,0,1,0,6,0,5,4,22,53
193,193.0,162,6567.0,18.191135734072024,4.034586151207979,1,4,36,5,8,3,8,0,2,0,6,1,6,5,24,53
194,194.0,159,6675.0,18.439226519337016,3.972068201077597,1,3,36,5,10,1,6,0,3,0,4,0,6,6,25,53
195,195.0,155,6763.0,18.528767123287672,4.019709076484508,1,1,36,5,9,1,5,0,3,0,4,0,6,6,25,53
196,196.0,158,6891.0,19.141666666666666,3.82910120144761,2,1,36,5,8,2,4,0,3,1,2,0,6,8,27,53
197,197.0,161,7034.0,19.430939226519335,3.7437517187923106,3,1,36,5,10,2,3,0,3,2,1,0,6,9,27,53
198,198.0,159,7079.0,19.555248618784532,3.5753236380314406,3,1,36,3,9,4,1,0,3,2,1,0,6,8,29,53
199,199.0,159,7138.0,19.344173441734416,3.677801618323174,4,1,36,1,9,3,1,0,4,3,1,0,6,7,30,53
200,200.0,164,7264.0,19.685636856368564,3.5852035682409906,5,1,36,0,9,5,3,0,4,4,1,0,6,7,30,53
201,201.0,168,7405.0,19.959568733153638,3.6146198172795225,7,2,36,0,8,6,3,0,4,2,1,2,6,5,33,53
202,202.0,172,7558.0,20.371967654986523,3.645808045191853,8,2,36,0,7,8,5,0,4,1,1,3,6,4,34,53
203,203.0,172,7717.0,20.578666666666667,3.765222023882919,9,2,36,0,6,8,6,0,4,0,1,3,6,4,34,53
204,204.0,167,7758.0,20.798927613941018,3.740490995906617,8,2,36,0,4,8,7,0,4,0,1,3,6,2,33,53
205,205.0,163,7828.0,20.545931758530184,3.928184978559539,8,2,36,0,1,7,7,0,4,0,1,3,6,3,32,53
206,206.0,167,7937.0,20.88684210526316,3.774216355933569,7,2,36,0,5,7,9,0,5,0,1,3,6,3,30,53
207,207.0,162,8014.0,20.869791666666668,3.826230312300224,6,1,36,0,5,6,8,0,5,1,1,3,6,2,29,53
208,208.0,161,8134.0,21.182291666666668,3.812334789031061,7,1,36,1,4,5,7,0,5,1,1,3,6,2,29,53
209,209.0,165,8268.0,21.309278350515463,3.882763285689701,5,1,36,1,6,5,6,0,5,1,3,3,6,4,30,53
210,210.0,164,8388.0,21.61855670103093,3.901721868638645,5,3,36,3,7,3,5,0,5,1,3,1,6,3,30,53
211,211.0,170,8528.0,21.58987341772152,4.04853098185302,4,4,36,4,7,2,5,0,5,1,4,1,6,7,31,53
212,212.0,173,8682.0,22.03553299492386,3.9532807118319524,3,5,36,4,9,1,4,0,5,1,6,1,7,6,32,53
213,213.0,174,8825.0,22.229219143576827,3.9237167529953263,3,5,36,4,8,1,3,0,6,0,6,2,8,7,32,53
214,214.0,178,8982.0,22.85496183206107,3.7361448113475744,4,5,36,4,6,3,1,0,6,1,8,3,8,8,32,53
215,215.0,182,9146.0,23.154430379746834,3.6704394434627448,2,5,36,4,7,3,0,0,6,2,8,5,8,10,33,53
216,216.0,178,9199.0,23.52685421994885,3.49806226196259,2,3,36,2,6,5,0,0,6,3,7,7,7,8,33,53
217,217.0,173,9259.0,23.32241813602015,3.65771689232151,3,1,36,0,6,4,0,0,6,3,6,7,5,8,35,53
218,218.0,175,9347.0,23.783715012722645,3.564731181470539,3,0,36,0,5,6,0,0,7,3,5,9,6,7,35,53
219,219.0,171,9479.0,23.99746835443038,3.630024672742518,3,1,36,0,4,6,0,0,7,3,4,7,6,6,35,53
220,220.0,171,9617.0,24.470737913486005,3.553784041049039,3,1,36,0,4,8,0,0,7,4,2,6,7,4,36,53
221,221.0,173,9765.0,24.784263959390863,3.5624572343917142,3,1,36,0,5,9,0,0,7,6,0,4,9,4,36,53
222,222.0,168,9877.0,25.196428571428573,3.5514184969568854,1,1,36,0,6,8,0,0,7,6,0,2,9,3,36,53
223,223.0,168,10009.0,25.14824120603015,3.709983953953662,0,1,36,0,7,8,0,0,7,7,0,1,9,2,36,54
224,224.0,172,10163.0,25.729113924050633,3.6363795626821553,1,1,36,0,7,6,0,0,7,8,0,2,10,2,36,56
225,225.0,173,10300.0,25.944584382871536,3.6568720440519997,2,2,36,0,8,5,0,0,8,7,0,3,10,0,36,56
226,226.0,181,10457.0,26.406565656565657,3.6274360749208108,2,2,36,1,9,6,0,0,8,6,0,4,11,4,36,56
227,227.0,187,10620.0,26.683417085427134,3.701986538094085,3,2,36,1,10,6,2,0,8,6,0,4,12,5,36,56
228,228.0,181,10681.0,26.83668341708543,3.7403992976758764,4,2,36,2,8,4,2,0,6,4,0,4,12,5,36,56
229,229.0,183,10770.0,26.65841584158416,3.9239089803859026,5,3,36,2,8,4,4,0,5,4,0,4,12,4,36,56
230,230.0,186,10891.0,27.024813895781637,3.9456662590846774,7,3,36,2,9,4,5,0,3,3,0,4,12,6,36,56
231,231.0,180,10988.0,27.064039408866996,4.015403163342478,5,3,36,2,8,4,6,0,1,1,0,4,10,8,36,56
232,232.0,176,11105.0,27.419753086419753,3.9395437600500176,5,3,36,2,7,3,7,0,0,1,0,4,8,8,36,56
233,233.0,174,11235.0,27.809405940594058,3.831439750238453,3,3,36,2,6,2,8,0,0,1,0,4,7,10,36,56
234,234.0,169,11292.0,28.01985111662531,3.7347310599525767,3,2,36,0,7,1,8,1,2,0,0,2,6,9,36,56
235,235.0,163,11385.0,27.972972972972972,3.80107427726682,2,1,36,0,9,0,8,1,2,0,0,0,5,7,36,56
236,236.0,171,11517.0,28.2972972972973,3.6965821387036653,2,2,36,0,10,1,9,2,4,2,0,0,4,7,36,56
237,237.0,174,11628.0,28.360975609756096,3.6511946413815344,1,4,36,0,10,1,8,3,3,3,0,2,4,7,36,56
238,238.0,175,11749.0,28.586374695863746,3.543230208771286,0,5,36,0,10,2,6,5,3,4,0,3,2,7,36,56
239,239.0,174,11877.0,28.757869249394673,3.5683326816713707,0,5,36,0,10,1,4,6,4,4,1,3,2,6,36,56
240,240.0,177,12006.0,29.070217917675546,3.5941644784211695,0,5,36,0,11,3,4,5,5,6,0,4,1,5,36,56
241,241.0,181,12152.0,29.071770334928228,3.694587274527552,1,5,36,0,12,4,4,3,4,8,0,7,0,5,36,56
242,242.0,182,12308.0,29.51558752997602,3.633811658393829,1,6,36,0,13,5,3,1,4,8,0,8,0,5,36,56
243,243.0,179,12426.0,29.870192307692307,3.653332964628694,0,4,36,0,13,7,4,1,5,6,1,7,0,3,36,56
244,244.0,174,12552.0,30.39225181598063,3.5777422531868224,0,2,36,0,14,7,2,1,5,5,1,6,0,3,36,56
245,245.0,172,12684.0,30.563855421686746,3.550788484936211,1,0,36,0,12,9,3,1,5,3,2,5,1,2,36,56
246,246.0,169,12796.0,30.983050847457626,3.4412126305727146,3,0,36,0,13,9,0,1,5,1,2,4,2,0,36,57
247,247.0,173,12943.0,30.964114832535884,3.5701740542907268,3,0,36,0,13,7,1,1,5,0,4,4,3,1,36,59
248,248.0,176,13097.0,31.483173076923077,3.5516827167527416,3,1,36,0,11,6,2,1,6,1,4,3,4,2,36,60
249,249.0,170,13228.0,31.95169082125604,3.54804101104931,4,1,36,0,9,5,2,0,6,1,2,2,4,2,36,60
250,250.0,173,13380.0,32.47572815533981,3.506870359660176,5,1,36,0,9,4,4,0,6,1,0,3,5,3,36,60
251,251.0,176,13545.0,32.87621359223301,3.5447311932681127,6,1,36,0,8,3,6,1,6,1,0,2,6,4,36,60
252,252.0,181,13708.0,33.191283292978206,3.598214709070765,7,1,36,0,8,3,8,2,6,1,0,2,6,5,36,60
253,253.0,183,13877.0,33.198564593301434,3.7895327895190825,6,1,36,0,8,2,8,3,7,1,0,3,6,6,36,60
254,254.0,188,14055.0,33.70503597122302,3.8582125180503315,5,1,36,0,8,2,10,4,7,1,0,4,6,8,36,60
255,255.0,189,14207.0,34.069544364508396,3.969781835863609,5,1,36,0,8,2,10,5,7,1,0,5,6,7,36,60
256,256.0,189,14364.0,34.779661016949156,3.9747796300922107,5,1,36,0,8,3,8,5,7,2,0,5,6,7,36,60
257,257.0,186,14521.0,34.99036144578313,4.0528758951825035,4,2,36,0,8,2,8,5,7,2,0,5,6,5,36,60
258,258.0,181,14662.0,35.5873786407767,3.993805962229351,3,2,36,0,8,2,6,3,7,2,0,5,6,5,36,60
259,259.0,178,14810.0,35.60096153846154,4.07919135495449,2,2,36,0,8,2,5,1,7,2,1,5,6,5,36,60
260,260.0,177,14961.0,36.22518159806295,3.999700717695876,2,3,36,1,9,1,4,0,8,2,2,5,6,2,36,60
261,261.0,177,15080.0,36.51331719128329,3.962497766143416,2,3,36,2,7,3,3,0,8,2,2,5,6,2,36,60
262,262.0,176,15205.0,37.08536585365854,3.940912939372052,2,3,36,2,6,3,3,0,8,3,2,5,6,1,36,60
263,263.0,178,15336.0,37.22330097087379,3.980024907821271,2,3,36,3,7,4,1,0,8,3,3,5,6,1,36,60
264,264.0,178,15442.0,37.66341463414634,3.861292734089917,2,3,36,3,7,6,1,0,8,3,3,3,6,1,36,60
265,265.0,180,15595.0,37.48798076923077,4.014788917266869,3,3,36,3,7,8,1,0,9,3,3,1,6,1,36,60
266,266.0,181,15761.0,38.16222760290557,3.9688580354758054,3,4,36,3,9,9,0,0,9,3,3,0,6,0,36,60
267,267.0,184,15928.0,38.56658595641647,3.9973423737087415,3,4,36,4,9,8,0,0,9,3,3,2,6,1,36,60
268,268.0,187,16103.0,39.180048661800484,3.9266525345737957,3,4,36,4,9,8,0,0,9,4,3,3,6,2,36,60
269,269.0,190,16281.0,39.613138686131386,3.9115200024649344,3,4,36,4,12,6,0,0,9,4,3,4,6,3,36,60
270,270.0,189,16419.0,40.1442542787286,3.839460289565164,1,4,36,4,11,6,0,0,9,4,3,6,6,3,36,60
271,271.0,194,16583.0,40.152542372881356,3.9474304044391446,1,5,36,4,11,5,0,0,10,5,3,7,6,5,36,60
272,272.0,198,16757.0,40.672330097087375,3.848123257541553,2,5,36,4,13,4,0,0,10,5,3,8,6,6,36,60
273,273.0,197,16881.0,41.07299270072993,3.7851983298508483,3,5,36,4,13,4,0,0,10,3,3,7,6,7,36,60
274,274.0,195,17030.0,41.63814180929096,3.65179870856407,4,5,36,4,14,2,0,0,10,1,3,6,6,8,36,60
275,275.0,202,17206.0,42.17156862745098,3.5187645058130066,6,5,36,4,14,3,0,0,10,1,3,6,6,10,36,62
276,276.0,201,17290.0,42.69135802469136,3.3398733797972313,6,4,36,4,15,4,0,0,10,2,1,5,6,9,36,63
277,277.0,197,17408.0,42.458536585365856,3.3843627470955453,7,2,36,4,14,3,1,0,10,2,0,3,6,9,36,64
278,278.0,194,17565.0,43.157248157248155,3.2885160796039123,9,1,36,4,14,2,1,0,11,2,0,1,6,7,36,64
279,279.0,197,17725.0,43.23170731707317,3.350641190734166,8,3,36,4,13,2,2,0,11,4,0,1,6,6,36,65
280,280.0,196,17888.0,43.95085995085995,3.244237907092184,7,4,36,4,12,1,2,0,11,5,0,1,6,6,36,65
281,281.0,195,18055.0,44.36117936117936,3.263851206437,7,4,36,4,11,0,4,0,11,6,1,0,6,4,36,65
282,282.0,199,18234.0,45.022222222222226,3.2152201617555707,6,6,36,4,11,0,4,0,12,8,1,0,6,4,36,65
283,283.0,203,18425.0,45.048899755501225,3.3230073912324016,6,7,36,4,10,1,5,0,12,8,2,0,6,5,36,65
284,284.0,209,18619.0,45.634803921568626,3.1618411503042214,5,7,36,4,13,3,6,0,12,10,3,0,6,3,36,65
285,285.0,201,18680.0,45.78431372549019,3.0808890097975605,4,5,36,4,12,4,5,0,10,11,1,0,6,2,36,65
286,286.0,196,18746.0,45.83374083129584,2.9969584955801114,3,3,36,4,10,5,3,0,8,12,1,0,6,4,36,65
287,287.0,193,18829.0,45.92439024390244,2.9914882934348364,1,2,36,4,9,6,2,2,6,13,0,0,7,4,36,65
288,288.0,195,18949.0,46.21707317073171,2.9710145675270496,1,1,36,4,9,8,1,3,5,14,1,0,7,4,36,65
289,289.0,199,19104.0,46.033734939759036,3.1071637213532957,1,1,36,4,9,9,1,4,4,14,3,0,7,5,36,65
290,290.0,201,19283.0,46.80339805825243,3.0447181884536256,1,1,36,4,9,9,1,4,2,15,3,0,8,7,36,65
291,291.0,200,19425.0,47.03389830508475,3.097225146978362,0,1,36,4,9,9,0,4,1,14,3,0,9,9,36,65
292,292.0,201,19582.0,47.760975609756095,3.1009141534994042,0,2,36,4,9,8,0,4,1,13,4,0,10,9,36,65
293,293.0,202,19745.0,48.04136253041362,3.2123755014843787,0,2,36,4,9,7,0,4,1,13,4,1,10,10,36,65
294,294.0,198,19820.0,48.223844282238446,3.235333259168699,2,2,36,2,9,6,0,2,0,11,4,2,10,11,36,65
295,295.0,193,19900.0,47.95180722891566,3.394976675662988,2,2,36,0,9,5,0,0,1,9,4,3,10,11,36,65
296,296.0,196,20060.0,48.33734939759036,3.3372346854808743,4,2,36,0,9,4,0,0,2,7,4,5,9,13,36,65
297,297.0,195,20185.0,48.28947368421053,3.386226101846109,6,2,36,0,9,3,0,0,3,6,2,5,9,13,36,65
298,298.0,195,20320.0,48.61244019138756,3.33425139893762,6,3,36,0,9,3,0,0,4,4,1,5,9,13,36,66
299,299.0,197,20478.0,48.5260663507109,3.365173371387146,8,3,36,0,9,3,0,0,5,2,2,5,8,12,36,68
300,300.0,194,20596.0,48.80568720379147,3.3335221526629004,7,1,36,0,9,3,0,0,6,1,2,4,8,11,36,70
301,301.0,199,20750.0,48.36829836829837,3.5011924582426914,6,0,36,0,11,2,0,0,7,1,4,2,10,13,36,71
302,302.0,199,20912.0,48.632558139534886,3.5552807872834453,6,2,36,0,11,1,0,0,8,1,4,2,11,10,36,71
303,303.0,201,21082.0,48.800925925925924,3.6605710186802622,6,2,36,0,11,1,0,0,9,0,4,1,13,11,36,71
304,304.0,198,21261.0,49.21527777777778,3.7215431086299895,4,2,36,0,12,0,0,0,9,0,4,0,13,11,36,71
305,305.0,204,21442.0,49.519630484988454,3.783093555551768,3,4,36,0,12,1,0,0,9,1,4,0,16,11,36,71
306,306.0,205,21609.0,49.79032258064516,3.780922304476407,3,5,36,0,12,1,0,0,9,3,3,0,16,10,36,71
307,307.0,209,21795.0,49.64692482915718,3.924966809250145,4,6,36,1,12,1,0,0,10,3,2,0,17,10,36,71
308,308.0,208,21981.0,50.29977116704806,3.8978123072380395,3,6,36,1,12,0,0,0,10,4,2,0,17,10,36,71
309,309.0,202,22143.0,50.670480549199084,3.934479285708415,1,4,36,1,13,0,0,0,10,5,1,0,17,7,36,71
310,310.0,204,22326.0,51.206422018348626,3.936295326910041,1,2,36,1,13,0,0,0,10,5,1,0,19,9,36,71
311,311.0,206,22512.0,51.63302752293578,3.8492161675104604,1,0,36,2,13,0,0,2,10,7,1,0,20,7,36,71
312,312.0,207,22673.0,52.36258660508083,3.712493326220556,0,0,36,2,13,0,0,3,8,8,2,0,21,7,36,71
313,313.0,207,22841.0,52.62903225806452,3.6025860073252898,0,0,36,2,13,0,0,3,7,9,2,0,22,6,36,71
314,314.0,214,23021.0,53.04377880184332,3.4247292555036446,1,0,36,2,13,0,0,5,6,11,2,0,24,7,36,71
315,315.0,211,23084.0,53.06666666666667,3.3002141521127517,2,0,36,0,12,2,0,5,4,9,2,0,25,7,36,71
316,316.0,213,23163.0,53.37096774193548,3.182711704303368,3,1,36,0,11,2,1,6,2,9,2,0,26,7,36,71
317,317.0,215,23249.0,53.44597701149425,3.1542793077849796,4,1,36,0,11,2,1,8,1,8,2,1,25,8,36,71
318,318.0,218,23330.0,53.632183908045974,3.0911551971536126,5,1,36,0,11,4,3,8,1,7,2,1,25,7,36,71
319,319.0,222,23450.0,53.29545454545455,3.169753980546095,6,2,36,0,10,6,4,9,1,6,2,2,24,7,36,71
320,320.0,224,23605.0,53.76993166287016,3.130228292215878,7,2,36,0,10,6,6,9,1,5,2,3,24,6,36,71
321,321.0,224,23744.0,53.84126984126984,3.1267750006299173,6,2,36,0,10,7,6,7,1,5,2,5,24,6,36,71
322,322.0,226,23910.0,54.464692482915716,3.001842033794306,6,2,36,0,12,9,8,5,1,4,2,5,24,4,36,72
323,323.0,223,24087.0,54.49547511312217,2.9658516840436833,4,2,36,0,12,9,10,4,1,3,2,5,22,5,36,72
324,324.0,219,24214.0,55.03181818181818,2.867054001731541,4,0,36,0,13,10,11,2,1,2,0,5,22,5,36,72
325,325.0,223,24410.0,54.73094170403587,2.996028233327329,5,2,36,0,14,12,11,1,1,1,0,5,23,4,36,72
326,326.0,230,24624.0,55.33483146067416,2.9470152743630154,4,2,36,0,15,13,12,3,1,2,1,4,24,5,36,72
327,327.0,233,24830.0,55.54809843400447,2.9817812753347503,3,3,36,0,16,14,12,3,3,1,1,4,25,4,36,72
328,328.0,241,25053.0,56.04697986577181,3.0334457104717396,3,4,36,0,19,16,12,5,3,1,1,4,26,3,36,72
329,329.0,245,25282.0,56.5592841163311,3.060890256624335,2,4,36,0,21,17,12,5,3,2,2,5,25,3,36,72
330,330.0,249,25519.0,57.34606741573034,3.0239135072545773,1,4,36,0,21,18,12,5,5,3,2,6,25,3,36,72
331,331.0,256,25765.0,57.76905829596413,3.016062273444386,1,4,36,0,22,20,12,5,7,4,2,6,26,3,36,72
332,332.0,261,26016.0,58.5945945945946,2.9142047734204275,1,4,36,0,23,20,12,5,7,6,3,7,26,3,36,72
333,333.0,261,26211.0,59.16704288939052,2.840088207096881,2,2,36,0,25,20,12,5,9,6,1,8,26,1,36,72
334,334.0,264,26449.0,60.52402745995423,2.6015114412842646,2,0,36,0,27,20,12,5,10,7,1,9,27,0,36,72
335,335.0,268,26713.0,61.12814645308924,2.551390479383896,3,0,36,0,28,20,12,5,11,7,1,11,26,0,36,72
336,336.0,272,26921.0,62.173210161662816,2.4367348314119313,5,0,36,0,27,20,12,5,13,7,1,12,25,1,36,72
337,337.0,273,27129.0,62.08009153318078,2.505342975724813,6,0,36,0,26,20,12,5,13,6,1,12,25,3,36,72
338,338.0,275,27341.0,62.85287356321839,2.4761753725143842,7,0,36,0,27,20,12,5,13,5,1,11,26,4,36,72
339,339.0,274,27555.0,63.63741339491917,2.5363448216668023,8,0,36,0,27,20,12,5,13,3,1,10,26,5,36,72
340,340.0,272,27777.0,64.4477958236659,2.562909411900608,8,1,36,0,26,20,12,5,13,1,1,10,26,5,36,72
341,341.0,271,28000.0,64.96519721577727,2.679269089658264,9,1,36,0,24,20,12,5,13,0,1,9,26,7,36,72
342,342.0,267,28155.0,65.78271028037383,2.6892634863512535,8,1,36,0,24,18,12,5,13,0,1,7,26,8,36,72
343,343.0,267,28319.0,65.85813953488372,2.7746312084557525,8,1,36,0,23,16,12,5,13,0,1,8,26,10,36,72
344,344.0,266,28487.0,66.40326340326341,2.703596515611046,8,1,36,0,21,14,12,5,13,1,1,8,26,12,36,72
345,345.0,258,28594.0,66.80841121495327,2.650949346246429,6,2,36,0,19,12,12,3,13,1,1,8,26,11,36,72
346,346.0,252,28705.0,67.54117647058824,2.5110594101353296,6,2,36,0,17,10,12,1,13,1,1,8,27,10,36,72
347,347.0,253,28857.0,67.7394366197183,2.4684687220165835,6,2,36,0,17,10,12,0,15,1,1,8,27,10,36,72
348,348.0,246,28940.0,68.09411764705882,2.4038927880055447,5,0,36,0,15,8,12,0,13,1,2,8,28,10,36,72
349,349.0,246,29070.0,67.4477958236659,2.5741727097610636,6,0,36,1,14,8,12,0,12,1,3,8,28,9,36,72
350,350.0,244,29209.0,68.08624708624708,2.5270472469367773,4,0,36,1,13,9,12,0,12,2,3,8,28,8,36,72
351,351.0,241,29260.0,67.88863109048724,2.6522521936400487,4,0,36,1,12,8,10,0,12,2,4,8,28,8,36,72
352,352.0,240,29341.0,68.23488372093023,2.7540349777286055,4,0,36,3,11,7,8,0,12,3,4,8,28,8,36,72
353,353.0,230,29405.0,68.06712962962963,2.898384031952512,3,0,36,3,9,5,6,0,11,3,4,8,28,6,36,72
354,354.0,225,29532.0,68.51972157772622,2.874112334174369,2,0,36,4,9,5,4,0,10,3,4,8,28,4,36,72
355,355.0,224,29625.0,67.94724770642202,2.991674010596004,2,0,36,5,8,3,2,0,11,3,4,8,28,6,36,72
356,356.0,224,29735.0,68.35632183908046,2.9870817793470494,2,0,36,6,6,4,2,0,9,3,4,8,30,6,36,72
357,357.0,219,29883.0,68.53899082568807,3.0259625568085156,2,0,36,6,4,2,1,0,7,1,4,8,32,8,36,72
358,358.0,220,30064.0,69.11264367816092,3.0111895838193603,2,0,36,6,4,3,1,0,6,0,4,8,33,9,36,72
359,359.0,219,30254.0,69.38990825688073,3.0080018227598813,3,0,36,6,3,2,0,0,6,0,4,8,33,10,36,72
360,360.0,223,30462.0,69.86697247706422,3.009320433489271,3,0,36,6,6,3,0,0,5,0,4,8,35,9,36,72
361,361.0,227,30675.0,69.5578231292517,3.1493235806871973,3,0,36,6,7,4,0,0,6,0,4,8,35,10,36,72
362,362.0,235,30906.0,70.4009111617312,3.0330093148461357,4,0,36,6,9,5,0,0,6,0,4,9,38,10,36,72
363,363.0,233,31079.0,70.47392290249434,3.0398814953803694,2,0,36,4,10,6,0,0,7,0,4,10,36,10,36,72
364,364.0,236,31272.0,71.07272727272728,2.9573008204057682,0,0,36,2,11,9,0,0,8,1,4,11,36,10,36,72
365,365.0,243,31482.0,71.06546275395034,2.945182418967406,2,1,36,0,13,9,0,0,9,1,4,12,36,12,36,72
366,366.0,246,31681.0,71.51467268623024,2.857366404471376,3,1,36,0,14,9,0,0,11,0,4,12,37,11,36,72
367,367.0,248,31887.0,70.86,2.9074397092964577,4,1,36,0,14,8,0,0,11,1,4,12,38,11,36,72
368,368.0,251,32101.0,71.33555555555556,2.8218141581592295,5,1,36,0,17,6,0,0,13,1,4,12,37,11,36,72
369,369.0,247,32212.0,71.26548672566372,2.755654200347615,5,1,36,0,16,5,0,0,12,2,2,12,37,11,36,72
370,370.0,243,32336.0,71.69844789356985,2.6466371830203497,7,1,36,0,14,5,0,0,11,3,0,12,37,9,36,72
371,371.0,246,32513.0,71.93141592920354,2.649554036563386,9,2,36,0,14,4,0,0,11,4,1,12,36,9,36,72
372,372.0,242,32681.0,72.30309734513274,2.641310156440398,7,2,36,0,14,4,0,0,10,4,1,12,36,8,36,72
373,373.0,237,32846.0,71.71615720524018,2.7826853125941735,6,2,36,2,13,3,0,0,8,4,1,12,34,8,36,72
374,374.0,238,33021.0,72.09825327510917,2.8062759317535555,6,3,36,2,12,2,0,0,8,4,2,13,34,8,36,72
375,375.0,233,33188.0,72.30501089324619,2.946999434904873,5,3,36,2,12,2,0,0,8,2,3,12,34,6,36,72
376,376.0,236,33368.0,73.01531728665208,3.0060642444356396,5,3,36,3,12,1,0,0,8,0,4,13,36,7,36,72
377,377.0,234,33565.0,73.28602620087337,3.0687598954674815,4,3,36,3,10,1,0,0,9,0,4,13,37,6,36,72
378,378.0,229,33736.0,73.82056892778994,3.0546730842621312,2,4,36,3,10,0,0,0,7,0,3,14,38,4,36,72
379,379.0,230,33931.0,73.1271551724138,3.1648663790068676,1,5,36,3,11,0,0,0,7,0,1,15,39,4,36,72
380,380.0,236,34134.0,73.5646551724138,3.1069719382234307,1,5,36,3,12,0,0,1,9,0,0,16,40,5,36,72
381,381.0,236,34338.0,73.84516129032258,3.154965797735257,1,6,36,3,11,0,0,1,7,0,1,16,40,6,36,72
382,382.0,244,34549.0,74.45905172413794,3.184743123329449,2,6,36,3,9,0,0,3,9,1,2,15,42,8,36,72
383,383.0,246,34770.0,75.25974025974025,3.1932818853817535,2,6,36,3,9,0,0,5,11,1,3,15,42,5,36,72
384,384.0,248,34984.0,75.88720173535792,3.214067581373549,2,6,36,3,7,0,0,5,11,1,4,14,45,6,36,72
385,385.0,249,35194.0,75.84913793103448,3.294645884069885,2,6,36,3,6,0,0,6,12,1,5,13,44,7,36,72
386,386.0,250,35418.0,76.66233766233766,3.1950807089568163,2,6,36,3,7,2,0,6,12,1,5,12,43,7,36,72
387,387.0,249,35613.0,76.91792656587474,3.153687360898302,0,7,36,3,7,3,0,6,11,0,5,12,43,8,36,72
388,388.0,252,35829.0,78.05882352941177,2.9900044181414627,0,7,36,3,6,4,0,6,12,0,5,12,44,9,36,72
389,389.0,254,36049.0,78.53812636165577,2.8744662964013297,1,6,36,3,5,5,0,6,13,0,5,12,43,11,36,72
390,390.0,260,36278.0,79.03703703703704,2.7430660801364857,2,6,36,3,6,6,0,6,14,2,5,12,43,11,36,72
391,391.0,262,36511.0,79.1995661605206,2.66708903798121,4,5,36,3,7,7,1,6,15,2,5,12,41,10,36,72
392,392.0,267,36754.0,79.9,2.454025401104477,4,5,36,3,9,9,1,6,16,3,5,12,41,9,36,72
393,393.0,273,36973.0,80.02813852813853,2.332497010671856,6,6,36,3,10,8,2,6,17,3,3,14,42,9,36,72
394,394.0,275,37195.0,80.508658008658,2.20104994828013,6,6,36,4,11,6,4,6,19,3,1,15,42,8,36,72
395,395.0,280,37438.0,81.38695652173914,2.0689874536791066,8,6,36,4,12,6,4,6,22,3,1,17,41,6,36,72
396,396.0,285,37668.0,81.70932754880694,2.006393689524323,7,6,36,5,11,6,5,6,23,3,2,18,42,7,36,72
397,397.0,289,37903.0,81.51182795698925,2.0508362842753685,7,6,36,6,11,5,7,6,24,3,2,19,41,8,36,72
398,398.0,288,38138.0,82.19396551724138,1.9593168209457785,5,8,36,6,10,4,7,6,25,3,3,19,40,8,36,72
399,399.0,286,38322.0,82.23605150214593,1.9865897651473177,6,9,36,7,9,4,7,4,26,1,3,20,40,6,36,72
400,400.0,287,38526.0,82.67381974248927,1.9300896231572469,5,9,36,7,11,2,7,2,28,0,4,21,41,6,36,72
401,401.0,287,38741.0,82.77991452991454,1.965543862330976,3,10,36,7,12,2,7,0,29,0,5,24,39,5,36,72
402,402.0,288,38980.0,83.46895074946467,1.9578431301058001,3,12,36,7,11,0,7,1,30,0,3,24,40,6,36,72
403,403.0,292,39236.0,82.77637130801688,2.147414393541862,1,13,36,7,12,1,7,1,32,0,3,24,40,7,36,72
404,404.0,297,39499.0,83.50739957716702,2.068562583235776,1,14,36,7,11,1,7,2,34,0,2,24,41,9,36,72
405,405.0,304,39710.0,83.77637130801688,2.114773067734027,0,16,36,5,10,3,7,2,37,1,2,23,43,11,36,72
406,406.0,305,39945.0,84.45031712473573,2.082227398676203,1,16,36,3,11,4,7,2,37,1,3,22,44,10,36,72
407,407.0,308,40207.0,85.00422832980972,2.08815004237587,2,16,36,1,11,4,7,2,38,1,4,21,45,12,36,72
408,408.0,309,40477.0,86.12127659574467,2.0019966666982825,2,16,36,0,9,6,8,2,38,0,4,19,47,14,36,72
409,409.0,311,40764.0,85.63865546218487,2.0900606022334522,3,16,36,0,9,8,9,2,38,0,4,17,48,13,36,72
410,410.0,315,41043.0,86.22478991596638,1.9986140213184085,5,19,36,0,9,9,10,2,38,0,4,15,47,13,36,72
411,411.0,310,41257.0,86.31171548117155,1.97831130966199,6,19,36,0,8,8,11,0,38,0,2,14,47,13,36,72
412,412.0,308,41493.0,86.9874213836478,1.9031617328180466,7,19,36,0,7,7,12,0,39,0,2,13,46,12,36,72
413,413.0,310,41759.0,87.36192468619247,1.9185620961816474,8,21,36,0,6,6,13,0,39,0,2,14,45,12,36,72
414,414.0,308,41953.0,88.13655462184875,1.8664569294414484,8,23,36,1,5,4,11,0,39,0,4,13,44,12,36,72
415,415.0,307,42167.0,87.66528066528066,2.061792027960472,7,24,36,2,4,5,9,0,40,0,4,13,44,11,36,72
416,416.0,305,42388.0,88.49269311064718,2.0642487460390626,8,24,36,3,4,4,7,0,40,0,5,12,44,10,36,72
417,417.0,299,42626.0,88.98956158663883,2.1566850307285934,7,24,36,3,4,3,5,0,40,0,6,12,43,8,36,72
418,418.0,297,42869.0,89.49686847599165,2.1815221066636963,6,24,36,3,4,3,3,0,40,0,6,12,43,9,36,72
419,419.0,295,43122.0,89.65072765072765,2.1916609777122704,6,25,36,3,4,2,1,0,40,0,6,12,43,9,36,72
420,420.0,293,43327.0,89.70393374741201,2.1387098332880856,5,25,36,5,3,0,0,0,40,0,6,14,41,10,36,72
421,421.0,295,43541.0,89.04089979550102,2.239348789263078,5,25,36,5,2,0,0,1,40,0,5,15,43,10,36,72
422,422.0,292,43797.0,89.19959266802444,2.2258511103276057,4,25,36,5,2,0,0,2,40,0,3,15,42,10,36,72
423,423.0,295,44057.0,89.36511156186613,2.247574677379095,0,25,36,5,3,0,0,0,41,0,4,17,44,12,36,72
424,424.0,295,44333.0,89.92494929006085,2.238180736593697,1,25,36,5,4,0,0,0,41,0,3,17,45,10,36,72
425,425.0,303,44621.0,89.9616935483871,2.2489113044269042,3,26,36,5,5,0,0,0,41,1,2,19,46,11,36,72
426,426.0,307,44829.0,90.56363636363636,2.184396377251792,3,26,36,5,6,0,0,0,39,1,2,20,47,14,36,72
427,427.0,308,45027.0,90.054,2.2439133511731435,4,28,36,5,8,0,0,0,37,1,2,20,46,13,36,72
428,428.0,312,45235.0,90.47,2.234708594319368,5,28,36,5,8,2,0,0,35,2,2,21,47,13,36,72
429,429.0,314,45416.0,90.6506986027944,2.2361938831548382,6,30,36,5,9,4,0,0,34,2,2,20,47,11,36,72
430,430.0,313,45586.0,90.99001996007983,2.219103038801656,7,32,36,5,7,5,0,0,32,2,2,20,48,9,36,72
431,431.0,310,45757.0,90.78769841269842,2.247865643912578,8,32,36,5,9,5,0,0,30,2,2,19,47,7,36,72
432,432.0,302,45864.0,90.81980198019802,2.2278222990963585,7,32,36,3,10,5,0,0,28,0,2,18,46,7,36,72
433,433.0,298,45991.0,89.826171875,2.3621163015712816,7,33,36,1,8,7,0,0,27,0,2,17,45,7,36,72
434,434.0,295,46180.0,90.01949317738791,2.33343385267841,6,33,36,1,7,9,1,0,26,0,2,17,44,5,36,72
435,435.0,287,46301.0,90.25536062378167,2.3139904852548097,7,33,36,0,6,8,2,0,24,0,0,15,44,4,36,72
436,436.0,281,46448.0,91.07450980392157,2.2148212475159976,5,33,36,0,5,7,3,0,22,0,0,15,43,4,36,72
437,437.0,280,46643.0,90.92202729044834,2.2934347514284643,6,33,36,0,6,6,4,0,21,0,1,14,42,3,36,72
438,438.0,279,46806.0,91.41796875,2.2839996772640077,5,34,36,0,7,5,5,0,19,0,2,14,41,3,36,72
439,439.0,281,46985.0,90.88007736943908,2.4591324004386346,5,34,36,0,6,4,5,0,17,0,3,16,42,5,36,72
440,440.0,284,47164.0,91.22630560928434,2.437857443517308,6,34,36,0,6,3,9,0,15,0,4,17,41,5,36,72
441,441.0,278,47323.0,91.35714285714286,2.4751075541292766,4,34,36,0,6,3,6,0,14,0,5,17,40,5,36,72
442,442.0,278,47536.0,91.9458413926499,2.4696346343238296,2,34,36,1,6,3,5,0,13,0,5,19,40,6,36,72
443,443.0,275,47705.0,92.0945945945946,2.5172647642363937,2,34,36,2,7,1,3,0,11,0,5,18,41,7,36,72
444,444.0,281,47876.0,92.60348162475822,2.5328105741806874,3,37,36,2,8,1,1,1,9,0,5,19,42,9,36,72
445,445.0,277,48046.0,91.69083969465649,2.679871741624263,2,37,36,2,9,1,0,1,8,0,3,19,43,8,36,72
446,446.0,282,48222.0,92.37931034482759,2.6983237768095614,4,36,36,2,9,1,0,3,9,0,2,21,42,9,36,72
447,447.0,282,48376.0,92.49713193116635,2.7559658141501084,5,36,36,2,8,1,0,4,9,0,1,22,41,9,36,72
448,448.0,280,48537.0,93.34038461538462,2.7458635477994244,7,35,36,2,9,0,0,5,9,0,0,21,39,9,36,72
449,449.0,277,48703.0,93.30076628352491,2.858433738122256,8,33,36,2,8,0,0,5,10,0,0,20,38,9,36,72
450,450.0,278,48882.0,93.82341650671785,2.931035476138738,10,31,36,2,8,0,0,7,10,0,0,21,37,8,36,72
451,451.0,277,49058.0,93.08918406072107,3.091963241014717,12,29,36,2,8,0,0,7,10,1,0,20,36,8,36,72
452,452.0,277,49273.0,93.85333333333334,3.0832275738785877,13,28,36,2,8,0,0,7,10,2,0,20,36,7,36,72
453,453.0,273,49454.0,93.66287878787878,3.0877270539450556,15,26,36,2,8,0,0,5,10,0,1,19,36,7,36,72
454,454.0,269,49642.0,94.55619047619048,3.0088327859297386,15,24,36,2,8,0,0,3,10,1,1,18,36,7,36,72
455,455.0,269,49835.0,94.56356736242884,2.997785337422336,15,22,36,2,8,0,0,2,10,3,2,19,36,6,36,72
456,456.0,267,50048.0,95.3295238095238,2.8952124897772045,16,21,36,2,8,1,0,1,10,3,4,16,36,5,36,72
457,457.0,270,50280.0,94.68926553672317,2.934450755097425,17,19,36,2,8,1,0,1,11,4,4,16,37,6,36,72
458,458.0,272,50518.0,95.6780303030303,2.7566251205510235,19,17,36,3,8,2,0,0,11,4,5,15,38,6,36,72
459,459.0,279,50787.0,95.82452830188679,2.6415210193236454,21,17,36,3,8,2,0,0,11,5,6,15,40,7,36,72
460,460.0,284,51062.0,96.70833333333333,2.471350541180993,21,18,36,3,8,4,1,0,11,6,7,14,40,7,36,72
461,461.0,291,51344.0,97.05860113421551,2.357939023447937,23,18,36,3,10,6,2,0,11,7,8,13,40,6,36,72
462,462.0,293,51372.0,97.48007590132828,2.20294513728292,23,16,36,3,10,8,3,0,12,6,8,13,40,7,36,72
463,463.0,292,51424.0,96.48030018761726,2.258732746692875,23,14,36,3,11,7,4,0,12,6,7,14,39,8,36,72
464,464.0,294,51512.0,97.00941619585687,2.197643800537154,22,14,36,3,13,9,5,0,12,5,5,14,38,10,36,72
465,465.0,289,51601.0,96.81238273921201,2.262275352864464,21,12,36,3,13,9,6,0,12,5,4,12,38,10,36,72
466,466.0,289,51722.0,97.03939962476548,2.2687749775510175,21,13,36,3,13,8,7,0,12,4,3,12,38,11,36,72
467,467.0,288,51864.0,97.30581613508443,2.2757517958766913,20,12,36,3,13,7,9,0,12,4,1,12,38,13,36,72
468,468.0,280,51992.0,97.54596622889306,2.3403601778401972,19,11,36,3,14,6,7,0,12,3,0,12,37,12,36,72
469,469.0,274,52144.0,96.74211502782931,2.479492019969064,18,10,36,3,14,5,7,0,12,1,0,12,36,12,36,72
470,470.0,271,52335.0,97.27695167286245,2.4511887440534768,18,10,36,3,13,4,5,0,13,2,0,12,36,11,36,72
471,471.0,262,52372.0,96.98518518518519,2.502040368455656,18,8,36,1,12,3,3,0,13,2,1,12,36,9,36,72
472,472.0,259,52490.0,97.20370370370371,2.5773600340949754,18,8,36,1,11,4,1,0,13,2,1,12,36,8,36,72
473,473.0,253,52622.0,97.08856088560886,2.6607258663678,16,9,36,0,9,2,0,0,13,2,1,12,36,9,36,72
474,474.0,251,52772.0,97.36531365313652,2.71185194330662,15,9,36,0,8,1,0,0,14,2,1,12,36,9,36,72
475,475.0,250,52955.0,97.1651376146789,2.806784918833839,14,8,36,0,8,1,0,0,14,2,1,12,36,10,36,72
476,476.0,256,53147.0,97.51743119266055,2.8471042339978156,12,9,36,0,9,1,0,2,14,2,1,14,38,10,36,72
477,477.0,254,53355.0,98.4409594095941,2.8578075980778914,12,9,36,0,8,0,0,2,14,2,1,14,38,10,36,72
478,478.0,254,53573.0,99.20925925925926,2.9012006646468045,10,9,36,0,8,0,0,3,14,3,1,15,38,9,36,72
479,479.0,260,53808.0,99.46025878003697,2.9217348228120326,9,9,36,0,10,0,2,3,15,3,1,16,39,9,36,72
480,480.0,263,54029.0,100.0537037037037,2.9173610474900533,7,10,36,0,10,0,3,3,15,3,1,18,41,8,36,72
481,481.0,267,54267.0,99.93922651933701,3.002445375936529,5,12,36,0,12,0,4,3,15,4,1,18,42,7,36,72
482,482.0,271,54514.0,100.95185185185186,2.896379034039227,3,14,36,1,13,1,5,3,15,4,1,18,42,7,36,72
483,483.0,277,54773.0,101.43148148148148,2.8925326973942393,4,15,36,1,14,2,7,1,15,4,1,18,43,8,36,72
484,484.0,287,55046.0,102.50651769087523,2.792226226850765,4,15,36,1,16,4,9,1,15,4,1,18,46,9,36,72
485,485.0,289,55327.0,103.22201492537313,2.718200380852396,4,15,36,1,18,4,9,1,15,4,1,18,47,8,36,72
486,486.0,288,55514.0,104.15384615384616,2.5160542066314773,2,16,36,1,17,5,9,0,16,4,0,18,48,8,36,72
487,487.0,290,55738.0,104.37827715355806,2.535070640858248,1,16,36,1,16,7,8,1,16,4,1,18,49,8,36,72
488,488.0,291,55972.0,105.21052631578948,2.4799725339963716,1,16,36,1,15,8,8,2,16,4,2,18,48,8,36,72
489,489.0,294,56198.0,105.23970037453184,2.5319541045887317,3,16,36,1,16,9,7,2,16,4,3,18,47,8,36,72
490,490.0,298,56435.0,106.08082706766918,2.5128692216902113,4,17,36,1,18,11,5,3,16,5,3,18,46,7,36,72
491,491.0,303,56684.0,106.34896810506567,2.6184412768685985,5,17,36,1,18,13,5,4,16,5,4,18,47,6,36,72
492,492.0,300,56931.0,107.62003780718337,2.65764260636756,6,17,36,1,17,13,3,4,17,5,5,18,45,5,36,72
493,493.0,306,57193.0,107.30393996247655,2.798741757454507,8,17,36,1,16,15,1,6,17,5,7,19,45,5,36,72
494,494.0,308,57460.0,108.21092278719398,2.7876951126792506,9,17,36,1,16,17,0,6,17,6,7,21,43,4,36,72
495,495.0,304,57705.0,108.67231638418079,2.77864820892078,9,17,36,1,16,14,0,6,17,6,7,22,43,2,36,72
496,496.0,309,57963.0,109.15819209039547,2.731521708562652,11,17,36,1,16,14,0,6,17,6,8,23,43,3,36,72
497,497.0,312,58225.0,109.85849056603773,2.6633833122073187,12,18,36,1,14,12,2,6,18,6,10,25,42,2,36,72
498,498.0,310,58426.0,110.4461247637051,2.646135136337392,12,16,36,1,14,11,4,6,18,6,10,25,42,1,36,72
499,499.0,310,58627.0,109.58317757009345,2.719084132205166,11,14,36,3,13,10,5,6,18,6,10,27,41,2,36,72
500,500.0,312,58844.0,110.60902255639098,2.646547023266263,10,12,36,3,13,9,6,6,18,7,11,29,43,1,36,72
501,501.0,315,59057.0,110.80112570356472,2.647243245766505,10,12,36,3,13,9,6,6,18,7,12,31,43,1,36,72
502,502.0,310,59274.0,111.8377358490566,2.553621756983567,8,11,36,3,11,8,7,6,18,7,12,32,42,1,36,72
503,503.0,315,59502.0,112.48015122873346,2.560856347450445,8,11,36,3,10,8,9,6,19,7,12,33,42,3,36,72
504,504.0,310,59712.0,113.52091254752851,2.5804977012398282,8,10,36,3,8,7,8,6,19,7,13,34,39,4,36,72
505,505.0,307,59938.0,112.45403377110694,2.7404058350435814,7,9,36,3,6,8,6,6,19,7,14,36,37,5,36,72
506,506.0,306,60167.0,113.52264150943397,2.677899281764908,7,9,36,3,5,6,4,6,19,8,14,37,37,7,36,72
507,507.0,296,60290.0,113.54048964218455,2.7062592595658383,8,7,36,3,3,5,3,4,19,8,12,37,36,7,36,72
508,508.0,292,60410.0,114.19659735349717,2.7024897800362035,6,6,36,3,2,5,3,2,19,8,12,37,36,9,36,72
509,509.0,288,60560.0,114.6969696969697,2.703411275873526,5,6,36,3,3,5,1,0,20,8,10,38,36,9,36,72
510,510.0,281,60749.0,114.8374291115312,2.7421931418527867,3,4,36,3,3,4,1,0,20,8,8,38,36,9,36,72
511,511.0,280,60951.0,115.00188679245284,2.8017406763598016,4,4,36,3,5,4,0,0,20,8,7,38,36,7,36,72
512,512.0,286,61173.0,115.85795454545455,2.7915236647740875,5,6,36,3,6,6,0,0,20,9,5,39,36,7,36,72
513,513.0,281,61388.0,115.60828625235405,2.8358503812760216,3,7,36,3,6,5,0,0,20,9,3,38,36,7,36,72
514,514.0,280,61620.0,116.26415094339623,2.8770598984862175,4,8,36,3,7,5,0,0,20,9,2,37,36,5,36,72
515,515.0,281,61863.0,116.72264150943396,2.892112827062713,4,10,36,3,8,6,0,0,21,9,1,35,36,4,36,72
516,516.0,285,62041.0,117.27977315689981,2.87835752061424,4,10,36,3,9,8,0,0,21,7,2,37,36,4,36,72
517,517.0,285,62219.0,116.51498127340824,3.005996234188722,3,12,36,3,10,9,0,0,21,7,2,35,36,3,36,72
518,518.0,284,62423.0,117.33646616541354,3.0062458325428913,2,13,36,3,11,11,0,0,21,5,2,35,36,1,36,72
519,519.0,283,62615.0,117.03738317757009,3.0893542422533304,3,14,36,3,11,9,0,0,21,5,2,34,36,1,36,72
520,520.0,280,62830.0,118.32391713747646,3.0262991217549016,3,14,36,3,10,8,0,0,22,3,3,33,36,1,36,72
521,521.0,281,63062.0,118.7608286252354,3.0020952558893157,3,14,36,3,10,8,0,0,22,4,4,32,36,1,36,72
522,522.0,279,63276.0,119.1638418079096,2.986085796313701,1,16,36,3,9,6,0,0,22,6,5,30,36,1,36,72
523,523.0,283,63517.0,118.94569288389513,3.0432305069966064,2,16,36,3,8,6,0,0,22,8,7,28,37,2,36,72
524,524.0,281,63771.0,120.32264150943396,2.98895806971733,2,16,36,3,8,5,0,0,22,8,8,27,37,1,36,72
525,525.0,282,64016.0,120.78490566037736,3.021193108383689,3,16,36,3,8,3,0,0,22,9,9,26,37,2,36,72
526,526.0,287,64274.0,122.19391634980988,2.9729743308594005,4,17,36,3,9,4,0,0,23,9,9,25,37,3,36,72
527,527.0,285,64531.0,122.21780303030303,2.992119314628251,5,17,36,3,7,4,0,0,23,9,9,24,36,4,36,72
528,528.0,286,64791.0,122.94307400379506,2.95899330016328,6,17,36,3,8,3,0,0,23,9,8,24,36,5,36,72
529,529.0,289,65060.0,122.06378986866791,3.017120066598566,7,17,36,3,8,3,0,0,23,9,8,24,36,7,36,72
530,530.0,290,65327.0,123.02636534839925,2.9575198430693668,8,17,36,3,8,2,0,0,23,10,7,24,36,8,36,72
531,531.0,293,65585.0,123.28007518796993,2.9242981303925286,8,17,36,3,9,1,0,0,24,10,8,24,36,9,36,72
532,532.0,293,65849.0,124.2433962264151,2.84548073803997,7,17,36,3,10,0,0,0,24,11,6,24,36,11,36,72
533,533.0,293,66118.0,124.28195488721805,2.7848408430947886,6,18,36,3,9,0,0,0,24,12,5,24,36,12,36,72
534,534.0,296,66397.0,124.80639097744361,2.697376111791236,6,18,36,3,11,0,0,0,24,13,5,24,36,12,36,72
535,535.0,292,66668.0,124.61308411214954,2.679603213783723,4,18,36,3,9,0,0,0,24,13,3,24,36,14,36,72
536,536.0,294,66949.0,125.13831775700935,2.622514607266614,3,18,36,3,8,0,1,0,25,14,2,24,36,16,36,72
537,537.0,298,67238.0,125.21042830540037,2.623203665166657,4,18,36,3,8,0,1,0,25,16,2,24,36,17,36,72
538,538.0,300,67529.0,125.75232774674116,2.5417003703016023,3,19,36,3,9,0,2,0,25,16,2,24,36,17,36,72
539,539.0,303,67822.0,126.29795158286778,2.411010782387389,2,19,36,3,7,0,3,0,25,18,3,24,36,19,36,72
540,540.0,297,67876.0,126.39851024208566,2.3003288591376374,2,18,36,1,7,0,1,0,25,17,4,24,36,18,36,72
541,541.0,295,67991.0,125.44464944649447,2.343455627055045,1,16,36,0,7,1,2,0,25,15,4,24,36,20,36,72
542,542.0,293,68155.0,125.51565377532228,2.295608216755345,1,15,36,0,7,2,1,1,26,14,4,24,36,18,36,72
543,543.0,296,68323.0,125.36330275229358,2.3492204666831618,2,13,36,0,7,4,1,1,26,15,5,24,36,18,36,72
544,544.0,296,68502.0,125.92279411764706,2.325189545379184,2,11,36,0,7,5,1,2,26,14,5,24,36,19,36,72
545,545.0,294,68692.0,125.80952380952381,2.3498605676965707,2,10,36,0,7,5,0,3,26,13,5,24,37,18,36,72
546,546.0,293,68886.0,126.16483516483517,2.3913457877019315,2,8,36,0,7,6,0,3,26,13,5,24,38,17,36,72
547,547.0,295,69088.0,125.38656987295826,2.517984650978139,2,7,36,0,7,7,0,3,27,12,5,24,39,18,36,72
548,548.0,294,69306.0,125.32730560578662,2.537857471690571,2,6,36,0,7,8,0,3,27,11,5,24,40,17,36,72
549,549.0,289,69489.0,125.43140794223827,2.515135961100457,1,3,36,0,7,8,0,1,27,10,5,24,42,17,36,72
550,550.0,284,69702.0,125.8158844765343,2.4546999153243294,0,2,36,0,7,7,0,0,27,11,5,24,43,14,36,72
551,551.0,291,69950.0,126.26353790613719,2.428372297290522,1,2,36,1,7,7,0,0,28,11,5,26,44,15,36,72
552,552.0,293,70207.0,126.4990990990991,2.427356919689954,1,3,36,1,7,6,0,0,28,10,5,28,45,15,36,72
553,553.0,300,70467.0,125.83392857142857,2.551885565009967,2,5,36,1,7,6,0,0,29,10,5,29,46,16,36,72
554,554.0,306,70735.0,125.86298932384342,2.5842439098144623,5,7,36,2,7,4,0,0,30,9,5,30,49,14,36,72
555,555.0,306,71007.0,126.34697508896797,2.6005498759393983,5,8,36,2,7,4,0,0,31,8,5,30,50,12,36,72
556,556.0,307,71285.0,126.84163701067615,2.568209645997225,7,7,36,3,7,3,0,1,31,7,5,30,51,11,36,72
557,557.0,308,71580.0,127.36654804270462,2.5529222159406824,7,9,36,3,7,2,0,1,31,6,5,30,52,11,36,72
558,558.0,304,71828.0,127.80782918149467,2.5195802713531714,6,11,36,3,7,0,0,2,31,4,5,30,52,9,36,72
559,559.0,305,72077.0,127.34452296819788,2.631058557687814,6,12,36,3,7,1,0,3,30,3,5,30,53,8,36,72
560,560.0,304,72320.0,128.45470692717583,2.6180442543579585,4,13,36,3,7,1,0,5,30,3,5,30,53,6,36,72
561,561.0,299,72552.0,128.63829787234042,2.6990513953942643,3,13,36,1,7,0,0,5,29,4,5,30,52,6,36,72
562,562.0,300,72805.0,129.31616341030195,2.682050445330379,3,15,36,0,7,0,0,6,29,4,5,30,51,6,36,72
563,563.0,300,73073.0,129.56205673758865,2.715940509871365,3,16,36,0,7,0,0,7,29,4,5,30,50,5,36,72
564,564.0,300,73345.0,130.2753108348135,2.6764156104271977,3,16,36,0,7,0,0,7,29,4,6,31,50,3,36,72
565,565.0,305,73621.0,129.84303350970018,2.8141963440000812,2,17,36,0,7,0,0,9,29,4,8,32,50,3,36,72
566,566.0,307,73902.0,130.8,2.825283254954366,3,17,36,0,7,0,1,9,30,4,8,33,48,3,36,72
567,567.0,303,74105.0,130.92756183745584,2.8613236028195295,2,17,36,0,7,0,2,8,30,4,7,34,46,2,36,72
568,568.0,301,74316.0,131.06878306878306,2.8274080045163066,2,17,36,0,7,0,4,7,30,4,5,34,46,1,36,72
569,569.0,301,74555.0,131.7226148409894,2.8073820322926046,2,17,36,0,7,0,4,6,30,4,4,36,46,1,36,72
570,570.0,299,74722.0,132.01766784452298,2.7625569394219607,2,17,36,0,6,0,4,5,30,5,2,37,46,1,36,72
571,571.0,305,74911.0,131.42280701754385,2.8073304136853445,2,18,36,0,6,1,3,5,31,5,3,38,47,1,36,72
572,572.0,306,75127.0,132.73321554770317,2.688797760302404,2,18,36,0,6,1,1,6,31,5,5,39,47,1,36,72
573,573.0,313,75386.0,132.7218309859155,2.676261377478423,2,18,36,0,7,3,1,7,31,5,6,41,47,1,36,72
574,574.0,318,75690.0,133.9646017699115,2.6070160281625587,3,18,36,0,9,3,0,7,31,6,7,42,47,1,36,72
575,575.0,320,75988.0,134.01763668430334,2.6419276550687103,3,19,36,0,10,3,0,7,31,6,8,43,44,2,36,72
576,576.0,326,76300.0,135.04424778761063,2.6335562010502414,3,19,36,0,10,5,0,7,32,6,9,44,43,4,36,72
577,577.0,327,76607.0,134.63444639718804,2.716793504243798,3,19,36,0,10,5,0,7,32,7,11,45,40,4,36,72
578,578.0,332,76924.0,135.90812720848058,2.69381871170231,4,19,36,0,11,7,0,7,32,7,12,47,38,4,36,72
579,579.0,332,77197.0,136.14991181657848,2.6982151811474453,4,19,36,0,13,7,0,7,32,7,11,45,37,6,36,72
580,580.0,337,77472.0,137.11858407079646,2.640762014827344,4,20,36,0,12,9,0,7,32,7,12,45,37,8,36,72
581,581.0,339,77754.0,137.61769911504425,2.5830288489227953,4,20,36,0,13,11,0,7,32,7,12,45,36,8,36,72
582,582.0,335,77936.0,138.4298401420959,2.5203572487252304,2,20,36,0,14,10,0,5,33,7,12,44,36,8,36,72
583,583.0,328,78144.0,137.09473684210528,2.6301913051247,0,20,36,0,13,9,0,3,33,7,12,44,36,7,36,72
584,584.0,330,78380.0,138.48056537102474,2.5748279028820362,2,20,36,0,12,9,0,5,33,8,11,44,36,6,36,72
585,585.0,327,78628.0,138.42957746478874,2.637351191668804,2,20,36,0,12,8,0,6,33,8,10,43,36,5,36,72
586,586.0,331,78919.0,139.43286219081273,2.5733340883175346,2,21,36,0,12,8,0,5,33,8,13,44,36,5,36,72
587,587.0,324,79183.0,139.40669014084506,2.6440684036788804,4,21,36,0,10,7,0,4,33,8,11,42,36,4,36,72
588,588.0,322,79363.0,140.4654867256637,2.640579414619853,5,21,36,0,11,7,0,4,34,6,9,42,36,3,36,72
589,589.0,316,79558.0,139.57543859649124,2.7481046158246403,7,21,36,0,10,5,0,4,34,5,7,40,36,3,36,72
590,590.0,315,79804.0,140.9964664310954,2.6935015194763463,8,21,36,0,10,5,0,4,34,3,7,41,36,2,36,72
591,591.0,310,79963.0,141.2773851590106,2.713626049829083,7,19,36,0,10,4,0,4,34,4,7,41,36,0,36,72
592,592.0,305,80147.0,141.85309734513274,2.6735395224416156,6,19,36,0,8,4,0,4,34,4,7,39,36,0,36,72
593,593.0,309,80338.0,142.44326241134752,2.6564085855073505,5,17,36,0,9,4,0,4,35,5,9,39,36,2,36,72
594,594.0,304,80531.0,142.78546099290782,2.7301203370761975,4,17,36,0,8,2,0,4,35,6,8,37,36,3,36,72
595,595.0,299,80730.0,142.38095238095238,2.8421575714366347,2,15,36,0,7,2,0,4,35,7,9,35,36,3,36,72
596,596.0,300,80938.0,143.25309734513274,2.8377530985769694,0,14,36,0,8,1,0,4,35,9,11,34,36,4,36,72
597,597.0,300,81150.0,143.88297872340425,2.8379518642794825,1,13,36,0,9,0,0,4,35,10,12,32,36,4,36,72
598,598.0,298,81362.0,144.77224199288256,2.787877254047294,1,12,36,0,8,0,0,4,35,10,12,30,36,6,36,72
599,599.0,301,81578.0,145.41532976827094,2.693674086397127,1,10,36,0,7,0,0,4,35,13,12,31,36,8,36,72
